title,release_date,tmdb_score,tmdb_votes,rt_score,metacritic,imdb_rating,box_office,audience_positive,audience_polarity,audience_samples,review_positive,review_polarity,fetched_at
Resident Evil,2026-09-16,7.3,509,,,N/A,N/A,27.0,-0.093,100,57.1,0.024,2026-09-27T16:51:34.352402
The End of Oak Street,2026-08-12,7.035,1594,86%,69/100,6.5,"$53,433,662",53.0,0.167,100,85.7,0.165,2026-09-27T16:51:34.771785
Coyote vs. Acme,2026-08-20,7.564,533,96%,77/100,7.6,"$38,375,357",50.0,0.19,100,100.0,0.166,2026-09-27T16:51:35.199305
The Odyssey,2026-07-15,8.019,3920,93%,88/100,8.4,"$588,976,965",35.0,0.076,100,70.0,0.145,2026-09-27T16:51:35.625724
The Love Hypothesis,2026-09-23,8.275,267,,67/100,N/A,N/A,52.0,0.188,100,100.0,0.235,2026-09-27T16:51:36.040067
Colony,2026-05-21,8.057,888,81%,57/100,6.5,N/A,41.0,0.151,100,100.0,0.249,2026-09-27T16:51:36.461039
Mutiny,2026-08-19,7.152,605,50%,52/100,5.7,"$15,510,784",43.0,0.08,100,40.0,0.052,2026-09-27T16:51:36.875127
After Impact,2026-09-15,5.722,9,,,N/A,N/A,28.9,0.018,38,0.0,-0.151,2026-09-27T16:51:37.308305
The Fix,2026-09-10,6.984,31,,,,,58.0,0.192,100,100.0,0.247,2026-09-27T16:51:37.722404
One Last Shot,2026-09-22,7.564,55,,,N/A,N/A,0.0,0.0,5,,,2026-09-27T16:51:38.140261
Zip Wire,2026-08-31,7.333,15,,,4.1,N/A,26.1,-0.073,23,100.0,0.444,2026-09-27T16:51:38.550947
Heart of the Beast,2026-09-19,7.665,82,,,7.5,N/A,50.0,0.241,100,100.0,0.256,2026-09-27T16:51:38.965928
Obsession,2026-05-13,8.191,5750,93%,77/100,7.9,"$262,774,890",43.0,0.126,100,60.0,0.067,2026-09-27T16:51:39.391900
Moana,2026-07-08,7.401,780,33%,42/100,5.8,"$126,206,148",48.0,0.106,100,100.0,0.089,2026-09-27T16:51:39.806041
Unabomber,2026-09-25,7.2,91,,,N/A,N/A,44.0,0.134,100,,,2026-09-27T16:51:40.944923
Drawn Together,2026-09-09,6.644,125,,,5.6,N/A,21.2,0.032,80,,,2026-09-27T16:51:41.356035
Pinocchio: Unstrung,2026-07-22,6.58,113,76%,50/100,5.8,"$625,726",32.0,0.073,100,100.0,0.31,2026-09-27T16:51:41.770197
Teenage Sex and Death at Camp Miasma,2026-08-06,6.336,195,94%,89/100,7.1,"$6,549,771",56.0,0.176,100,100.0,0.112,2026-09-27T16:51:42.188057
Avengers: Endgame,2019-04-24,8.245,28805,94%,78/100,8.4,"$858,373,000",30.0,0.054,100,80.0,0.223,2026-09-27T16:51:42.609637
Minions & Monsters,2026-06-24,7.56,1180,89%,70/100,6.3,"$183,154,015",,,0,50.0,0.071,2026-09-27T16:51:43.474009
Ice Cream Man,2026-08-03,4.667,85,25%,33/100,3.8,"$3,174,200",44.0,0.08,100,60.0,0.046,2026-09-27T16:51:43.886010
Backrooms,2026-05-27,7.03,3441,87%,76/100,6.8,"$197,516,045",48.0,0.203,100,70.0,0.15,2026-09-27T16:51:44.306191
You+Me - Against the World,2026-09-18,5.654,52,,,,,0.0,-0.7,1,,,2026-09-27T16:51:44.721140
The Scavenger,2026-09-23,2.0,1,,,N/A,N/A,40.7,0.211,27,,,2026-09-27T16:51:45.135769
The Runner,2026-09-03,6.793,582,8%,28/100,4.1,N/A,38.0,0.169,100,50.0,0.05,2026-09-27T16:51:45.552016
PAW Patrol: The Dino Movie,2026-07-23,8.089,141,81%,47/100,6.1,"$52,447,322",,,0,100.0,0.184,2026-09-27T16:51:46.395183
Facing El Chapo,2026-08-21,8.791,815,,,6.7,N/A,33.3,0.122,6,,,2026-09-27T16:51:46.820598
The Last Sunrise,2026-08-26,6.803,198,,,N/A,N/A,36.0,0.152,100,0.0,0.022,2026-09-27T16:51:47.233637
Primetime,2026-09-23,7.2,34,95%,75/100,8.7,N/A,43.0,0.112,100,100.0,0.08,2026-09-27T16:51:47.677334
Rosebush Pruning,2026-04-23,6.063,56,16%,47/100,N/A,N/A,28.0,0.081,100,0.0,0.007,2026-09-27T16:51:48.094348
Forgotten Island,2026-09-10,7.9,25,,73/100,7.7,N/A,,,0,,,2026-09-27T16:51:48.953598
Mayday,2026-09-03,8.036,811,81%,60/100,6.9,N/A,26.0,0.046,100,100.0,0.125,2026-09-27T16:51:49.521855
The Shadow's Edge,2025-08-16,8.293,1465,82%,,7.1,N/A,61.0,0.301,100,75.0,0.109,2026-09-27T16:51:49.936919
Deep Water,2026-04-30,7.391,623,69%,53/100,5.5,"$4,346,226",37.0,0.107,100,100.0,0.136,2026-09-27T16:51:50.359224
The Death of Robin Hood,2026-06-18,6.546,410,68%,60/100,6.0,"$5,355,164",46.0,0.141,100,0.0,0.012,2026-09-27T16:51:50.773248
Modha Rathri,2026-08-21,7.6,8,,,,,46.0,0.186,87,,,2026-09-27T16:51:51.183080
The Shawshank Redemption,1994-09-23,8.731,31428,89%,82/100,9.3,"$28,767,189",76.0,0.378,100,90.0,0.42,2026-09-27T16:51:51.601665
Ghost in the Cell,2026-04-16,7.151,76,,,N/A,N/A,32.1,0.03,28,100.0,0.102,2026-09-27T16:51:52.013763
Runner,2026-09-07,7.697,38,,55/100,6.6,N/A,38.0,0.125,100,0.0,0.004,2026-09-27T16:51:53.121157
Digger,2026-09-30,7.8,6,,,N/A,N/A,41.0,0.131,100,,,2026-09-27T16:51:53.536698
